Occupation,Count,Avg Amount,Total Amount,Fraud,Avg Balance,Fraud Rate %
Student,657,313.22074581430746,205786.03,60,1570.2099847792997,9.1324200913242
Doctor,631,292.7001743264659,184693.81,32,8978.994057052298,5.071315372424722
Engineer,625,289.040096,180650.06,19,5486.406064,3.04
Retired,599,294.53367278798,176425.67,15,4542.157011686143,2.5041736227045077
