Channel,Total Txns,Avg Amount,Total Volume,Fraud Cases,Avg Login,Avg Duration,Multi-Login,Fraud Rate %
ATM,833,307.7208043217287,256331.43,49,1.1236494597839135,122.09123649459784,44,5.88235294117647
Branch,868,288.22926267281105,250183.0,44,1.1221198156682028,116.67511520737327,38,5.0691244239631335
Online,811,297.2147225647349,241041.14,33,1.128236744759556,120.30579531442663,40,4.069050554870531
